{"cameraMode":{"drawMode":0,"name":"Shaded","section":"Shading Mode"},"sceneLighting":false,"audioPlay":false,"sceneViewState":{"showFog":true,"showMaterialUpdate":false,"showSkybox":false,"showFlares":true,"showImageEffects":true,"showParticleSystems":true},"in2DMode":false,"pivot":{"x":5.543801307678223,"y":-1.231753945350647,"z":1.01265287399292},"rotation":{"x":0.1590813398361206,"y":0.6272221803665161,"z":-0.13290798664093018,"w":0.7507469058036804},"size":10.937518119812012,"orthographic":false}