{"cameraMode":{"drawMode":0,"name":"Shaded","section":"Shading Mode"},"sceneLighting":false,"audioPlay":false,"sceneViewState":{"showFog":false,"showMaterialUpdate":false,"showSkybox":false,"showFlares":false,"showImageEffects":false,"showParticleSystems":false},"in2DMode":false,"pivot":{"x":295.39996337890627,"y":95.33256530761719,"z":-19.47876739501953},"rotation":{"x":-0.07596112042665482,"y":-0.0675530806183815,"z":0.005158709827810526,"w":-0.9948064684867859},"size":339.7796936035156,"orthographic":false}