{"cameraMode":{"drawMode":0,"name":"Shaded","section":"Shading Mode"},"sceneLighting":true,"audioPlay":false,"sceneViewState":{"showFog":false,"showMaterialUpdate":false,"showSkybox":false,"showFlares":false,"showImageEffects":false,"showParticleSystems":false},"in2DMode":false,"pivot":{"x":180.6547393798828,"y":291.0785217285156,"z":-10.542913436889649},"rotation":{"x":-0.05247041583061218,"y":0.02396308071911335,"z":-0.0012575684813782573,"w":-0.9983341693878174},"size":579.5725708007813,"orthographic":false}