{"cameraMode":{"drawMode":0,"name":"Shaded","section":"Shading Mode"},"sceneLighting":false,"audioPlay":false,"sceneViewState":{"showFog":false,"showMaterialUpdate":false,"showSkybox":false,"showFlares":false,"showImageEffects":false,"showParticleSystems":false},"in2DMode":false,"pivot":{"x":126.29194641113281,"y":110.10167694091797,"z":-41.776180267333987},"rotation":{"x":-0.14083778858184815,"y":0.005046934355050325,"z":-0.0007173216436058283,"w":-0.9900196194648743},"size":181.1273956298828,"orthographic":false}