{"cameraMode":{"drawMode":0,"name":"Shaded","section":"Shading Mode"},"sceneLighting":false,"audioPlay":false,"sceneViewState":{"showFog":true,"showMaterialUpdate":false,"showSkybox":false,"showFlares":true,"showImageEffects":true,"showParticleSystems":true},"in2DMode":false,"pivot":{"x":-0.006103239953517914,"y":0.07072131335735321,"z":-0.03396923840045929},"rotation":{"x":0.09140805155038834,"y":0.6433456540107727,"z":-0.07777691632509232,"w":0.7561096549034119},"size":0.6838219165802002,"orthographic":false}