{"cameraMode":{"drawMode":0,"name":"Shaded","section":"Shading Mode"},"sceneLighting":false,"audioPlay":false,"sceneViewState":{"showFog":false,"showMaterialUpdate":false,"showSkybox":false,"showFlares":false,"showImageEffects":false,"showParticleSystems":false},"in2DMode":false,"pivot":{"x":-0.035224489867687228,"y":-4.095213413238525,"z":14.196765899658204},"rotation":{"x":-0.14083778858184815,"y":0.005046934355050325,"z":-0.0007173216436058283,"w":-0.9900196194648743},"size":300.0768127441406,"orthographic":false}